Family_Role,Sample_ID,Chromosome,Position,Original_DNA,Mutated_DNA,Quality
Mother (NA12878 / GIAB HG001),NA12878,20,10000117,C,T,283.64
Mother (NA12878 / GIAB HG001),NA12878,20,10000211,C,T,347.64
Mother (NA12878 / GIAB HG001),NA12878,20,10000439,T,G,781.06
Mother (NA12878 / GIAB HG001),NA12878,20,10000598,T,A,984.06
Mother (NA12878 / GIAB HG001),NA12878,20,10000694,G,A,563.64
Mother (NA12878 / GIAB HG001),NA12878,20,10000758,T,A,1191.06
Mother (NA12878 / GIAB HG001),NA12878,20,10001019,T,G,385.64
Mother (NA12878 / GIAB HG001),NA12878,20,10001298,T,A,899.06
Mother (NA12878 / GIAB HG001),NA12878,20,10001436,A,AAGGCT,1246.03
Mother (NA12878 / GIAB HG001),NA12878,20,10001474,C,T,858.06
Mother (NA12878 / GIAB HG001),NA12878,20,10001617,C,A,514.64
Mother (NA12878 / GIAB HG001),NA12878,20,10001628,G,A,1238.06
Mother (NA12878 / GIAB HG001),NA12878,20,10001661,T,C,1794.06
Mother (NA12878 / GIAB HG001),NA12878,20,10001670,T,G,1788.06
Mother (NA12878 / GIAB HG001),NA12878,20,10002058,T,G,1161.06
Mother (NA12878 / GIAB HG001),NA12878,20,10002099,C,T,284.64
Mother (NA12878 / GIAB HG001),NA12878,20,10002138,C,G,1456.06
Mother (NA12878 / GIAB HG001),NA12878,20,10002142,G,C,1456.06
Mother (NA12878 / GIAB HG001),NA12878,20,10002458,G,GTTT,613.06
Mother (NA12878 / GIAB HG001),NA12878,20,10002470,C,T,761.06
Mother (NA12878 / GIAB HG001),NA12878,20,10002625,G,T,952.06
Mother (NA12878 / GIAB HG001),NA12878,20,10003021,C,T,958.06
Mother (NA12878 / GIAB HG001),NA12878,20,10003358,A,C,438.64
Mother (NA12878 / GIAB HG001),NA12878,20,10003651,T,C,1105.06
Mother (NA12878 / GIAB HG001),NA12878,20,10003692,A,G,957.06
Mother (NA12878 / GIAB HG001),NA12878,20,10003832,G,A,1136.06
Mother (NA12878 / GIAB HG001),NA12878,20,10004094,A,C,854.06
Mother (NA12878 / GIAB HG001),NA12878,20,10004147,A,G,600.06
Mother (NA12878 / GIAB HG001),NA12878,20,10004193,G,T,79.64
Mother (NA12878 / GIAB HG001),NA12878,20,10004222,C,CA,191.02
Mother (NA12878 / GIAB HG001),NA12878,20,10004351,C,G,988.06
Mother (NA12878 / GIAB HG001),NA12878,20,10004389,T,G,850.06
Mother (NA12878 / GIAB HG001),NA12878,20,10004610,A,C,1174.06
Mother (NA12878 / GIAB HG001),NA12878,20,10004725,A,G,517.64
Mother (NA12878 / GIAB HG001),NA12878,20,10004769,TAAAACTATGC,T,613.60
Mother (NA12878 / GIAB HG001),NA12878,20,10004874,A,C,1347.06
Mother (NA12878 / GIAB HG001),NA12878,20,10004887,A,G,573.64
Mother (NA12878 / GIAB HG001),NA12878,20,10005010,C,T,1043.06
Mother (NA12878 / GIAB HG001),NA12878,20,10005427,C,T,1349.06
Mother (NA12878 / GIAB HG001),NA12878,20,10005499,A,G,1258.06
Mother (NA12878 / GIAB HG001),NA12878,20,10005587,A,G,720.64
Mother (NA12878 / GIAB HG001),NA12878,20,10005723,A,G,919.06
Mother (NA12878 / GIAB HG001),NA12878,20,10006291,G,A,321.64
Mother (NA12878 / GIAB HG001),NA12878,20,10006404,A,C,811.06
Mother (NA12878 / GIAB HG001),NA12878,20,10006682,T,A,865.06
Mother (NA12878 / GIAB HG001),NA12878,20,10006819,AAAAC,A,1106.03
Mother (NA12878 / GIAB HG001),NA12878,20,10007150,G,C,461.64
Mother (NA12878 / GIAB HG001),NA12878,20,10007175,C,T,552.64
Mother (NA12878 / GIAB HG001),NA12878,20,10007352,C,T,1300.06
Mother (NA12878 / GIAB HG001),NA12878,20,10007531,A,G,1333.06
Mother (NA12878 / GIAB HG001),NA12878,20,10007980,A,C,637.06
Mother (NA12878 / GIAB HG001),NA12878,20,10008029,T,TA,646.03
Mother (NA12878 / GIAB HG001),NA12878,20,10008146,TA,T,917.03
Mother (NA12878 / GIAB HG001),NA12878,20,10008221,T,C,1028.06
Mother (NA12878 / GIAB HG001),NA12878,20,10008458,T,G,1073.06
Mother (NA12878 / GIAB HG001),NA12878,20,10008742,G,T,116.64
Mother (NA12878 / GIAB HG001),NA12878,20,10008758,C,CA,156.98
Mother (NA12878 / GIAB HG001),NA12878,20,10008921,C,CA,277.60
Mother (NA12878 / GIAB HG001),NA12878,20,10008948,TA,T,597.03
Mother (NA12878 / GIAB HG001),NA12878,20,10008952,CACACACACACA,"C,CCACACACACA",580.01
Mother (NA12878 / GIAB HG001),NA12878,20,10009227,A,G,503.64
Mother (NA12878 / GIAB HG001),NA12878,20,10009246,A,G,1033.06
Mother (NA12878 / GIAB HG001),NA12878,20,10009400,T,A,1141.06
Mother (NA12878 / GIAB HG001),NA12878,20,10009512,C,G,814.06
Mother (NA12878 / GIAB HG001),NA12878,20,10009719,A,G,1139.06
Mother (NA12878 / GIAB HG001),NA12878,20,10009795,A,G,1014.06
Mother (NA12878 / GIAB HG001),NA12878,20,10009842,G,GAA,124.60
Mother (NA12878 / GIAB HG001),NA12878,20,10009844,G,A,429.64
Mother (NA12878 / GIAB HG001),NA12878,20,10009871,A,G,426.64
Mother (NA12878 / GIAB HG001),NA12878,20,10009875,A,"G,AGGGAGG",1139.06
Mother (NA12878 / GIAB HG001),NA12878,20,10009879,A,G,1223.06
Mother (NA12878 / GIAB HG001),NA12878,20,10009883,A,G,1223.06
Mother (NA12878 / GIAB HG001),NA12878,20,10010393,T,G,550.64
Mother (NA12878 / GIAB HG001),NA12878,20,10010536,G,GA,998.03
Mother (NA12878 / GIAB HG001),NA12878,20,10010766,T,G,917.06
Mother (NA12878 / GIAB HG001),NA12878,20,10010832,T,C,874.06
Mother (NA12878 / GIAB HG001),NA12878,20,10011075,C,T,472.64
Mother (NA12878 / GIAB HG001),NA12878,20,10011309,T,C,616.06
Mother (NA12878 / GIAB HG001),NA12878,20,10011517,GA,G,90.60
Mother (NA12878 / GIAB HG001),NA12878,20,10011666,C,T,1310.06
Mother (NA12878 / GIAB HG001),NA12878,20,10011939,C,T,881.06
Mother (NA12878 / GIAB HG001),NA12878,20,10012021,CA,C,781.03
Mother (NA12878 / GIAB HG001),NA12878,20,10012362,G,T,884.06
Mother (NA12878 / GIAB HG001),NA12878,20,10012384,T,C,254.64
Mother (NA12878 / GIAB HG001),NA12878,20,10012387,T,C,980.06
Mother (NA12878 / GIAB HG001),NA12878,20,10012479,A,G,1488.06
Mother (NA12878 / GIAB HG001),NA12878,20,10012498,C,G,1561.06
Mother (NA12878 / GIAB HG001),NA12878,20,10012518,T,C,1447.06
Mother (NA12878 / GIAB HG001),NA12878,20,10012521,C,T,205.64
Mother (NA12878 / GIAB HG001),NA12878,20,10012570,G,GCA,1231.03
Mother (NA12878 / GIAB HG001),NA12878,20,10012572,GT,G,1231.03
Mother (NA12878 / GIAB HG001),NA12878,20,10012631,C,CG,244.60
Mother (NA12878 / GIAB HG001),NA12878,20,10012636,G,C,244.64
Mother (NA12878 / GIAB HG001),NA12878,20,10012714,G,C,675.06
Mother (NA12878 / GIAB HG001),NA12878,20,10012751,T,C,820.06
Mother (NA12878 / GIAB HG001),NA12878,20,10013119,C,T,176.64
Mother (NA12878 / GIAB HG001),NA12878,20,10013574,G,A,361.64
Mother (NA12878 / GIAB HG001),NA12878,20,10014990,C,CAT,670.60
Mother (NA12878 / GIAB HG001),NA12878,20,10015547,GGGCGGAGGCGGAGGCGGA,G,384.60
Mother (NA12878 / GIAB HG001),NA12878,20,10015679,C,T,372.64
Mother (NA12878 / GIAB HG001),NA12878,20,10015761,T,C,377.64
Mother (NA12878 / GIAB HG001),NA12878,20,10018158,G,C,335.64
Mother (NA12878 / GIAB HG001),NA12878,20,10018555,G,A,374.64
Mother (NA12878 / GIAB HG001),NA12878,20,10019093,A,G,432.64
Mother (NA12878 / GIAB HG001),NA12878,20,10020229,G,A,394.64
Mother (NA12878 / GIAB HG001),NA12878,20,10023689,G,A,401.64
Mother (NA12878 / GIAB HG001),NA12878,20,10024107,C,T,185.64
Mother (NA12878 / GIAB HG001),NA12878,20,10024300,C,CTT,65.73
Mother (NA12878 / GIAB HG001),NA12878,20,10026357,T,C,638.64
Mother (NA12878 / GIAB HG001),NA12878,20,10026794,C,T,320.64
Mother (NA12878 / GIAB HG001),NA12878,20,10027234,A,ATTAG,661.60
Mother (NA12878 / GIAB HG001),NA12878,20,10027868,A,G,485.64
Mother (NA12878 / GIAB HG001),NA12878,20,10027872,A,G,485.64
Mother (NA12878 / GIAB HG001),NA12878,20,10028867,A,ATG,309.60
Mother (NA12878 / GIAB HG001),NA12878,20,10030188,T,A,224.64
Mother (NA12878 / GIAB HG001),NA12878,20,10031254,A,AT,426.60
Mother (NA12878 / GIAB HG001),NA12878,20,10031342,G,A,257.64
Mother (NA12878 / GIAB HG001),NA12878,20,10031798,G,A,936.06
Mother (NA12878 / GIAB HG001),NA12878,20,10031827,C,T,263.64
Mother (NA12878 / GIAB HG001),NA12878,20,10032094,G,A,751.64
Mother (NA12878 / GIAB HG001),NA12878,20,10032413,T,G,458.64
Mother (NA12878 / GIAB HG001),NA12878,20,10032882,A,T,474.64
Mother (NA12878 / GIAB HG001),NA12878,20,10032972,C,CAT,466.60
Mother (NA12878 / GIAB HG001),NA12878,20,10034306,T,C,430.64
Mother (NA12878 / GIAB HG001),NA12878,20,10036930,CGATAGCCCTAGCCCTAGATA,C,476.60
Mother (NA12878 / GIAB HG001),NA12878,20,10037037,C,T,331.64
Mother (NA12878 / GIAB HG001),NA12878,20,10037110,T,TGATA,1323.03
Mother (NA12878 / GIAB HG001),NA12878,20,10037144,T,TGATAGATA,1019.03
Mother (NA12878 / GIAB HG001),NA12878,20,10037709,A,T,369.64
Mother (NA12878 / GIAB HG001),NA12878,20,10039371,T,G,475.64
Mother (NA12878 / GIAB HG001),NA12878,20,10040772,C,CT,473.03
Mother (NA12878 / GIAB HG001),NA12878,20,10040812,AT,A,549.03
Mother (NA12878 / GIAB HG001),NA12878,20,10040821,T,A,161.64
Mother (NA12878 / GIAB HG001),NA12878,20,10041304,C,T,1236.06
Mother (NA12878 / GIAB HG001),NA12878,20,10041701,A,ATATG,643.03
Mother (NA12878 / GIAB HG001),NA12878,20,10042319,C,T,775.06
Mother (NA12878 / GIAB HG001),NA12878,20,10042761,A,G,1055.06
Mother (NA12878 / GIAB HG001),NA12878,20,10042829,A,G,1145.06
Mother (NA12878 / GIAB HG001),NA12878,20,10043002,A,T,332.64
Mother (NA12878 / GIAB HG001),NA12878,20,10044849,A,G,846.06
Mother (NA12878 / GIAB HG001),NA12878,20,10045078,G,T,943.06
Mother (NA12878 / GIAB HG001),NA12878,20,10045642,G,C,926.06
Mother (NA12878 / GIAB HG001),NA12878,20,10046178,AAGAAAGAAAG,A,1178.03
Mother (NA12878 / GIAB HG001),NA12878,20,10050828,T,C,396.64
Mother (NA12878 / GIAB HG001),NA12878,20,10051448,T,C,183.64
Mother (NA12878 / GIAB HG001),NA12878,20,10052688,C,A,327.64
Mother (NA12878 / GIAB HG001),NA12878,20,10058022,T,C,467.64
Mother (NA12878 / GIAB HG001),NA12878,20,10067049,TAAAAAAA,T,157.60
Mother (NA12878 / GIAB HG001),NA12878,20,10067090,C,A,381.06
Mother (NA12878 / GIAB HG001),NA12878,20,10067264,G,A,560.06
Mother (NA12878 / GIAB HG001),NA12878,20,10067722,A,C,685.06
Mother (NA12878 / GIAB HG001),NA12878,20,10068158,GTGTATATATATA,G,614.03
Mother (NA12878 / GIAB HG001),NA12878,20,10068981,G,A,989.06
Mother (NA12878 / GIAB HG001),NA12878,20,10070602,T,C,1010.06
Mother (NA12878 / GIAB HG001),NA12878,20,10070936,T,A,1516.06
Mother (NA12878 / GIAB HG001),NA12878,20,10070938,G,GA,1497.03
Mother (NA12878 / GIAB HG001),NA12878,20,10071135,C,T,1121.06
Mother (NA12878 / GIAB HG001),NA12878,20,10071187,G,A,1302.06
Mother (NA12878 / GIAB HG001),NA12878,20,10071890,T,C,951.06
Mother (NA12878 / GIAB HG001),NA12878,20,10072505,A,G,734.06
Mother (NA12878 / GIAB HG001),NA12878,20,10074187,A,G,935.06
Mother (NA12878 / GIAB HG001),NA12878,20,10074240,T,C,1008.06
Mother (NA12878 / GIAB HG001),NA12878,20,10074716,G,A,1184.06
Mother (NA12878 / GIAB HG001),NA12878,20,10074806,G,A,1082.06
Mother (NA12878 / GIAB HG001),NA12878,20,10075043,T,C,962.06
Mother (NA12878 / GIAB HG001),NA12878,20,10075168,C,T,1058.06
Mother (NA12878 / GIAB HG001),NA12878,20,10075508,GA,G,675.03
Mother (NA12878 / GIAB HG001),NA12878,20,10076250,A,G,228.64
Mother (NA12878 / GIAB HG001),NA12878,20,10076339,A,G,374.64
Mother (NA12878 / GIAB HG001),NA12878,20,10076399,G,A,388.64
Mother (NA12878 / GIAB HG001),NA12878,20,10077752,T,C,285.64
Mother (NA12878 / GIAB HG001),NA12878,20,10081750,C,A,729.64
Mother (NA12878 / GIAB HG001),NA12878,20,10081800,C,T,434.64
Mother (NA12878 / GIAB HG001),NA12878,20,10082892,C,T,931.06
Mother (NA12878 / GIAB HG001),NA12878,20,10085211,A,T,502.64
Mother (NA12878 / GIAB HG001),NA12878,20,10086110,G,A,518.64
Mother (NA12878 / GIAB HG001),NA12878,20,10086283,G,T,283.64
Mother (NA12878 / GIAB HG001),NA12878,20,10086619,T,A,346.64
Mother (NA12878 / GIAB HG001),NA12878,20,10086853,G,A,503.64
Mother (NA12878 / GIAB HG001),NA12878,20,10086954,G,A,304.64
Mother (NA12878 / GIAB HG001),NA12878,20,10087230,A,G,480.64
Mother (NA12878 / GIAB HG001),NA12878,20,10087394,T,G,348.64
Mother (NA12878 / GIAB HG001),NA12878,20,10087754,T,G,308.64
Mother (NA12878 / GIAB HG001),NA12878,20,10087804,C,T,395.64
Mother (NA12878 / GIAB HG001),NA12878,20,10087820,C,CAG,461.60
Mother (NA12878 / GIAB HG001),NA12878,20,10088063,C,T,404.64
Mother (NA12878 / GIAB HG001),NA12878,20,10088699,C,T,307.64
Mother (NA12878 / GIAB HG001),NA12878,20,10088730,G,A,517.64
Mother (NA12878 / GIAB HG001),NA12878,20,10088736,A,C,517.64
Mother (NA12878 / GIAB HG001),NA12878,20,10088747,A,G,521.64
Mother (NA12878 / GIAB HG001),NA12878,20,10088799,G,A,354.64
Mother (NA12878 / GIAB HG001),NA12878,20,10088895,C,T,83.64
Mother (NA12878 / GIAB HG001),NA12878,20,10089441,A,G,434.64
Mother (NA12878 / GIAB HG001),NA12878,20,10089525,C,T,338.64
Mother (NA12878 / GIAB HG001),NA12878,20,10090764,A,G,260.64
Mother (NA12878 / GIAB HG001),NA12878,20,10090970,T,C,633.64
Mother (NA12878 / GIAB HG001),NA12878,20,10091214,C,T,446.64
Mother (NA12878 / GIAB HG001),NA12878,20,10092415,A,G,552.64
Mother (NA12878 / GIAB HG001),NA12878,20,10093568,GT,G,168.60
Mother (NA12878 / GIAB HG001),NA12878,20,10093923,T,A,679.64
Mother (NA12878 / GIAB HG001),NA12878,20,10094251,T,A,370.64
Mother (NA12878 / GIAB HG001),NA12878,20,10094582,A,G,406.64
Mother (NA12878 / GIAB HG001),NA12878,20,10094774,C,T,99.64
Mother (NA12878 / GIAB HG001),NA12878,20,10095432,GTGATGATGA,G,488.60
Mother (NA12878 / GIAB HG001),NA12878,20,10095741,A,G,420.64
Mother (NA12878 / GIAB HG001),NA12878,20,10096293,C,T,220.64
Mother (NA12878 / GIAB HG001),NA12878,20,10096596,C,T,208.64
Mother (NA12878 / GIAB HG001),NA12878,20,10096768,A,C,452.64
Mother (NA12878 / GIAB HG001),NA12878,20,10096899,G,T,160.64
Mother (NA12878 / GIAB HG001),NA12878,20,10096905,TA,T,160.60
Mother (NA12878 / GIAB HG001),NA12878,20,10096933,G,C,350.64
Mother (NA12878 / GIAB HG001),NA12878,20,10096958,G,A,330.64
Mother (NA12878 / GIAB HG001),NA12878,20,10097075,T,G,109.64
Mother (NA12878 / GIAB HG001),NA12878,20,10097101,C,CTTT,140.60
Mother (NA12878 / GIAB HG001),NA12878,20,10097436,CTTTTCTTTCTTTCTTTCTTTCTTTCTTTCTTTCTTT,C,536.60
Mother (NA12878 / GIAB HG001),NA12878,20,10097437,TTTTC,"*,T",237.01
Mother (NA12878 / GIAB HG001),NA12878,20,10097626,C,A,475.64
Mother (NA12878 / GIAB HG001),NA12878,20,10097789,T,C,304.64
Mother (NA12878 / GIAB HG001),NA12878,20,10097928,G,A,314.64
Mother (NA12878 / GIAB HG001),NA12878,20,10098110,G,C,301.64
Mother (NA12878 / GIAB HG001),NA12878,20,10098135,C,A,197.64
Mother (NA12878 / GIAB HG001),NA12878,20,10098218,G,GTT,274.60
Mother (NA12878 / GIAB HG001),NA12878,20,10098244,A,ATG,320.60
Mother (NA12878 / GIAB HG001),NA12878,20,10098250,T,TATACAATATATATATTAAATATATATA,236.60
Mother (NA12878 / GIAB HG001),NA12878,20,10098255,G,GTA,154.60
Mother (NA12878 / GIAB HG001),NA12878,20,10098259,T,TTTATATGTA,154.60
Mother (NA12878 / GIAB HG001),NA12878,20,10098786,C,T,198.65
Mother (NA12878 / GIAB HG001),NA12878,20,10098885,C,CA,373.60
Mother (NA12878 / GIAB HG001),NA12878,20,10098945,T,C,154.64
Mother (NA12878 / GIAB HG001),NA12878,20,10098987,C,T,284.64
Mother (NA12878 / GIAB HG001),NA12878,20,10099029,T,C,307.64
Mother (NA12878 / GIAB HG001),NA12878,20,10099034,C,A,307.64
Mother (NA12878 / GIAB HG001),NA12878,20,10099044,A,C,307.64
Mother (NA12878 / GIAB HG001),NA12878,20,10099046,T,C,307.64
Mother (NA12878 / GIAB HG001),NA12878,20,10099055,T,C,304.64
Mother (NA12878 / GIAB HG001),NA12878,20,10099079,C,T,304.64
Mother (NA12878 / GIAB HG001),NA12878,20,10099111,T,TTTTGTTTG,158.60
Mother (NA12878 / GIAB HG001),NA12878,20,10099140,G,T,200.64
Mother (NA12878 / GIAB HG001),NA12878,20,10099190,G,T,415.64
Mother (NA12878 / GIAB HG001),NA12878,20,10099220,A,G,514.64
Mother (NA12878 / GIAB HG001),NA12878,20,10099250,G,A,546.64
Mother (NA12878 / GIAB HG001),NA12878,20,10099535,G,A,374.64
Mother (NA12878 / GIAB HG001),NA12878,20,10099565,C,T,236.64
Mother (NA12878 / GIAB HG001),NA12878,20,10099755,C,T,212.64
Mother (NA12878 / GIAB HG001),NA12878,20,10099832,A,G,372.64
Mother (NA12878 / GIAB HG001),NA12878,20,10100468,T,C,612.64
Mother (NA12878 / GIAB HG001),NA12878,20,10100539,CTTCTAG,C,537.60
Mother (NA12878 / GIAB HG001),NA12878,20,10100845,G,C,385.64
Mother (NA12878 / GIAB HG001),NA12878,20,10101268,TAA,T,126.60
Mother (NA12878 / GIAB HG001),NA12878,20,10101288,A,G,131.64
Mother (NA12878 / GIAB HG001),NA12878,20,10101674,TTGTG,"T,TTGTGTGTGTG",874.02
Mother (NA12878 / GIAB HG001),NA12878,20,10101880,A,G,405.64
Mother (NA12878 / GIAB HG001),NA12878,20,10101912,C,T,422.64
Mother (NA12878 / GIAB HG001),NA12878,20,10102234,C,T,803.64
Mother (NA12878 / GIAB HG001),NA12878,20,10102247,G,A,780.64
Mother (NA12878 / GIAB HG001),NA12878,20,10102248,T,C,780.64
Mother (NA12878 / GIAB HG001),NA12878,20,10102363,A,T,300.64
Mother (NA12878 / GIAB HG001),NA12878,20,10102530,C,T,523.64
Mother (NA12878 / GIAB HG001),NA12878,20,10102531,A,G,523.64
Mother (NA12878 / GIAB HG001),NA12878,20,10102727,G,T,581.64
Mother (NA12878 / GIAB HG001),NA12878,20,10102904,C,A,432.64
Mother (NA12878 / GIAB HG001),NA12878,20,10103110,G,C,459.64
Mother (NA12878 / GIAB HG001),NA12878,20,10103301,C,T,338.64
Mother (NA12878 / GIAB HG001),NA12878,20,10103320,G,C,416.64
Mother (NA12878 / GIAB HG001),NA12878,20,10103333,G,A,416.64
Mother (NA12878 / GIAB HG001),NA12878,20,10103552,T,G,433.64
Mother (NA12878 / GIAB HG001),NA12878,20,10103680,G,T,539.64
Mother (NA12878 / GIAB HG001),NA12878,20,10103751,G,T,297.64
Mother (NA12878 / GIAB HG001),NA12878,20,10103828,T,A,312.64
Mother (NA12878 / GIAB HG001),NA12878,20,10103849,T,C,577.64
Mother (NA12878 / GIAB HG001),NA12878,20,10103850,G,A,577.64
Mother (NA12878 / GIAB HG001),NA12878,20,10104018,C,T,368.64
Mother (NA12878 / GIAB HG001),NA12878,20,10104352,A,G,516.64
Mother (NA12878 / GIAB HG001),NA12878,20,10104593,G,C,329.64
Mother (NA12878 / GIAB HG001),NA12878,20,10104648,AG,A,284.60
Mother (NA12878 / GIAB HG001),NA12878,20,10104694,T,G,358.64
Mother (NA12878 / GIAB HG001),NA12878,20,10105066,GA,G,514.60
Mother (NA12878 / GIAB HG001),NA12878,20,10105077,G,A,551.64
Mother (NA12878 / GIAB HG001),NA12878,20,10105095,A,T,341.64
Mother (NA12878 / GIAB HG001),NA12878,20,10105234,A,T,465.64
Mother (NA12878 / GIAB HG001),NA12878,20,10105358,A,G,196.64
Mother (NA12878 / GIAB HG001),NA12878,20,10106404,T,C,483.64
Mother (NA12878 / GIAB HG001),NA12878,20,10106429,C,A,629.64
Mother (NA12878 / GIAB HG001),NA12878,20,10106802,G,A,525.64
Mother (NA12878 / GIAB HG001),NA12878,20,10106858,C,G,284.64
Mother (NA12878 / GIAB HG001),NA12878,20,10106889,C,T,237.64
Mother (NA12878 / GIAB HG001),NA12878,20,10107047,AG,A,530.60
Mother (NA12878 / GIAB HG001),NA12878,20,10107052,C,T,527.64
Mother (NA12878 / GIAB HG001),NA12878,20,10107331,G,GTT,123.60
Mother (NA12878 / GIAB HG001),NA12878,20,10107686,C,T,429.64
Mother (NA12878 / GIAB HG001),NA12878,20,10108754,T,G,243.64
Mother (NA12878 / GIAB HG001),NA12878,20,10108866,C,T,217.64
Mother (NA12878 / GIAB HG001),NA12878,20,10108941,T,C,273.64
Mother (NA12878 / GIAB HG001),NA12878,20,10109709,C,G,318.64
Mother (NA12878 / GIAB HG001),NA12878,20,10110726,GT,G,362.60
Mother (NA12878 / GIAB HG001),NA12878,20,10111346,A,G,319.64
Mother (NA12878 / GIAB HG001),NA12878,20,10111422,G,T,36.64
Mother (NA12878 / GIAB HG001),NA12878,20,10111701,C,A,803.64
Mother (NA12878 / GIAB HG001),NA12878,20,10111705,T,A,803.64
Mother (NA12878 / GIAB HG001),NA12878,20,10111919,A,G,346.64
Mother (NA12878 / GIAB HG001),NA12878,20,10112391,G,T,263.64
Mother (NA12878 / GIAB HG001),NA12878,20,10112869,T,C,214.64
Mother (NA12878 / GIAB HG001),NA12878,20,10113421,G,A,258.64
Mother (NA12878 / GIAB HG001),NA12878,20,10113638,G,C,344.64
Mother (NA12878 / GIAB HG001),NA12878,20,10114045,T,A,453.64
Mother (NA12878 / GIAB HG001),NA12878,20,10114705,CA,C,77.60
Mother (NA12878 / GIAB HG001),NA12878,20,10115097,C,G,347.64
Mother (NA12878 / GIAB HG001),NA12878,20,10115325,C,T,609.64
Mother (NA12878 / GIAB HG001),NA12878,20,10115599,C,A,710.64
Mother (NA12878 / GIAB HG001),NA12878,20,10119749,G,A,355.64
Mother (NA12878 / GIAB HG001),NA12878,20,10120207,C,CAGGCCACAA,553.60
Mother (NA12878 / GIAB HG001),NA12878,20,10120854,G,T,438.64
Mother (NA12878 / GIAB HG001),NA12878,20,10121178,C,T,488.64
Mother (NA12878 / GIAB HG001),NA12878,20,10121202,C,A,496.64
Mother (NA12878 / GIAB HG001),NA12878,20,10121272,G,A,653.64
Mother (NA12878 / GIAB HG001),NA12878,20,10121684,C,T,400.64
Mother (NA12878 / GIAB HG001),NA12878,20,10122275,A,G,463.64
Mother (NA12878 / GIAB HG001),NA12878,20,10122669,G,T,807.64
Mother (NA12878 / GIAB HG001),NA12878,20,10122672,A,G,807.64
Mother (NA12878 / GIAB HG001),NA12878,20,10124075,G,C,489.64
Mother (NA12878 / GIAB HG001),NA12878,20,10124267,C,T,418.64
Mother (NA12878 / GIAB HG001),NA12878,20,10126398,T,A,216.64
Mother (NA12878 / GIAB HG001),NA12878,20,10128634,T,G,566.64
Mother (NA12878 / GIAB HG001),NA12878,20,10128652,T,C,1194.06
Mother (NA12878 / GIAB HG001),NA12878,20,10129396,A,G,546.64
Mother (NA12878 / GIAB HG001),NA12878,20,10129600,A,G,1095.06
Mother (NA12878 / GIAB HG001),NA12878,20,10130017,G,A,917.06
Mother (NA12878 / GIAB HG001),NA12878,20,10130249,AACAC,"A,AAC",370.02
Mother (NA12878 / GIAB HG001),NA12878,20,10130306,A,ATG,252.60
Mother (NA12878 / GIAB HG001),NA12878,20,10130345,G,GTA,292.60
Mother (NA12878 / GIAB HG001),NA12878,20,10131196,T,C,805.06
Mother (NA12878 / GIAB HG001),NA12878,20,10131980,T,C,933.06
Mother (NA12878 / GIAB HG001),NA12878,20,10131998,G,A,421.64
Mother (NA12878 / GIAB HG001),NA12878,20,10132023,T,C,359.64
Mother (NA12878 / GIAB HG001),NA12878,20,10132091,A,G,273.64
Mother (NA12878 / GIAB HG001),NA12878,20,10132301,GACACACACAC,G,444.60
Mother (NA12878 / GIAB HG001),NA12878,20,10132340,A,G,546.64
Mother (NA12878 / GIAB HG001),NA12878,20,10132722,CAG,"C,GAG",409.06
Mother (NA12878 / GIAB HG001),NA12878,20,10134410,AAAAGAAAG,"A,AAAAG",569.02
Mother (NA12878 / GIAB HG001),NA12878,20,10134479,A,C,449.64
Mother (NA12878 / GIAB HG001),NA12878,20,10154221,C,CAGTCCTCCA,411.60
Mother (NA12878 / GIAB HG001),NA12878,20,10155038,A,AT,961.03
Mother (NA12878 / GIAB HG001),NA12878,20,10155043,C,CT,822.03
Mother (NA12878 / GIAB HG001),NA12878,20,10155105,G,A,334.64
Mother (NA12878 / GIAB HG001),NA12878,20,10157869,GAA,"G,GA",405.02
Mother (NA12878 / GIAB HG001),NA12878,20,10158589,A,AAG,703.60
Mother (NA12878 / GIAB HG001),NA12878,20,10159081,A,G,472.64
Mother (NA12878 / GIAB HG001),NA12878,20,10159214,A,G,428.64
Mother (NA12878 / GIAB HG001),NA12878,20,10160092,A,G,343.64
Mother (NA12878 / GIAB HG001),NA12878,20,10160773,A,AC,700.60
Mother (NA12878 / GIAB HG001),NA12878,20,10161225,C,T,271.64
Mother (NA12878 / GIAB HG001),NA12878,20,10163182,TA,T,50.60
Mother (NA12878 / GIAB HG001),NA12878,20,10165727,G,T,199.64
Mother (NA12878 / GIAB HG001),NA12878,20,10165933,A,G,264.64
Mother (NA12878 / GIAB HG001),NA12878,20,10166398,C,A,373.64
Mother (NA12878 / GIAB HG001),NA12878,20,10168981,A,G,195.64
Mother (NA12878 / GIAB HG001),NA12878,20,10169643,C,G,417.64
Mother (NA12878 / GIAB HG001),NA12878,20,10170201,C,T,510.64
Mother (NA12878 / GIAB HG001),NA12878,20,10170614,G,A,530.64
Mother (NA12878 / GIAB HG001),NA12878,20,10171007,C,T,412.64
Mother (NA12878 / GIAB HG001),NA12878,20,10171309,T,A,228.64
Mother (NA12878 / GIAB HG001),NA12878,20,10171737,G,A,210.64
Mother (NA12878 / GIAB HG001),NA12878,20,10171808,AG,A,490.60
Mother (NA12878 / GIAB HG001),NA12878,20,10172605,T,C,362.64
Mother (NA12878 / GIAB HG001),NA12878,20,10172676,C,T,378.64
Mother (NA12878 / GIAB HG001),NA12878,20,10172796,G,A,415.64
Mother (NA12878 / GIAB HG001),NA12878,20,10173177,G,A,441.64
Mother (NA12878 / GIAB HG001),NA12878,20,10174920,C,T,251.64
Mother (NA12878 / GIAB HG001),NA12878,20,10175125,T,C,329.64
Mother (NA12878 / GIAB HG001),NA12878,20,10175465,C,G,577.64
Mother (NA12878 / GIAB HG001),NA12878,20,10175474,A,C,552.64
Mother (NA12878 / GIAB HG001),NA12878,20,10175495,A,G,338.64
Mother (NA12878 / GIAB HG001),NA12878,20,10177651,A,G,300.64
Mother (NA12878 / GIAB HG001),NA12878,20,10178022,G,T,409.64
Mother (NA12878 / GIAB HG001),NA12878,20,10178187,C,A,191.64
Mother (NA12878 / GIAB HG001),NA12878,20,10179531,G,A,364.64
Mother (NA12878 / GIAB HG001),NA12878,20,10180270,G,A,272.64
Mother (NA12878 / GIAB HG001),NA12878,20,10181438,G,A,333.64
Mother (NA12878 / GIAB HG001),NA12878,20,10181582,C,T,516.64
Mother (NA12878 / GIAB HG001),NA12878,20,10182254,T,A,298.64
Mother (NA12878 / GIAB HG001),NA12878,20,10183018,T,A,321.64
Mother (NA12878 / GIAB HG001),NA12878,20,10183517,A,G,405.64
Mother (NA12878 / GIAB HG001),NA12878,20,10183783,C,G,341.64
Mother (NA12878 / GIAB HG001),NA12878,20,10184381,TCA,T,454.60
Mother (NA12878 / GIAB HG001),NA12878,20,10185892,A,T,489.64
Mother (NA12878 / GIAB HG001),NA12878,20,10186146,T,C,149.64
Mother (NA12878 / GIAB HG001),NA12878,20,10186371,CT,C,382.60
Mother (NA12878 / GIAB HG001),NA12878,20,10187086,T,C,506.64
Mother (NA12878 / GIAB HG001),NA12878,20,10187114,CAACCTCATTCTTTTGCAAATG,C,721.60
Mother (NA12878 / GIAB HG001),NA12878,20,10187643,CA,C,276.60
Mother (NA12878 / GIAB HG001),NA12878,20,10187868,T,C,228.64
Mother (NA12878 / GIAB HG001),NA12878,20,10187978,C,T,416.64
Mother (NA12878 / GIAB HG001),NA12878,20,10188245,G,A,206.64
Mother (NA12878 / GIAB HG001),NA12878,20,10188428,C,T,1006.06
Mother (NA12878 / GIAB HG001),NA12878,20,10188440,A,G,395.64
Mother (NA12878 / GIAB HG001),NA12878,20,10188612,A,C,435.64
Mother (NA12878 / GIAB HG001),NA12878,20,10189496,CT,C,162.60
Mother (NA12878 / GIAB HG001),NA12878,20,10190093,A,C,174.64
Mother (NA12878 / GIAB HG001),NA12878,20,10191904,C,CT,269.60
Mother (NA12878 / GIAB HG001),NA12878,20,10193271,A,G,431.64
Mother (NA12878 / GIAB HG001),NA12878,20,10193294,A,G,390.64
Mother (NA12878 / GIAB HG001),NA12878,20,10194246,T,C,385.64
Mother (NA12878 / GIAB HG001),NA12878,20,10194560,AC,A,394.60
Mother (NA12878 / GIAB HG001),NA12878,20,10195433,T,G,268.64
Mother (NA12878 / GIAB HG001),NA12878,20,10197086,T,C,602.64
Mother (NA12878 / GIAB HG001),NA12878,20,10197283,C,CT,171.60
Mother (NA12878 / GIAB HG001),NA12878,20,10197461,A,T,422.64
Mother (NA12878 / GIAB HG001),NA12878,20,10197959,A,ATGTGTG,34.44
Mother (NA12878 / GIAB HG001),NA12878,20,10198575,G,T,318.64
Mother (NA12878 / GIAB HG001),NA12878,20,10198954,A,C,314.64
Father (NA12877),NA12877,20,10000117,C,T,391.64
Father (NA12877),NA12877,20,10000211,C,T,235.64
Father (NA12877),NA12877,20,10000439,T,G,200.64
Father (NA12877),NA12877,20,10000598,T,A,496.64
Father (NA12877),NA12877,20,10000694,G,A,315.64
Father (NA12877),NA12877,20,10000758,T,A,336.64
Father (NA12877),NA12877,20,10001019,T,G,300.64
Father (NA12877),NA12877,20,10001298,T,A,512.64
Father (NA12877),NA12877,20,10001436,A,AAGGCT,817.60
Father (NA12877),NA12877,20,10001474,C,T,446.64
Father (NA12877),NA12877,20,10001617,C,A,595.64
Father (NA12877),NA12877,20,10001628,G,A,593.64
Father (NA12877),NA12877,20,10001661,T,C,585.64
Father (NA12877),NA12877,20,10001670,T,G,550.64
Father (NA12877),NA12877,20,10002058,T,G,373.64
Father (NA12877),NA12877,20,10002138,C,G,316.64
Father (NA12877),NA12877,20,10002142,G,C,284.64
Father (NA12877),NA12877,20,10002625,G,T,359.64
Father (NA12877),NA12877,20,10003021,C,T,566.64
Father (NA12877),NA12877,20,10003358,A,C,200.64
Father (NA12877),NA12877,20,10003651,T,C,403.64
Father (NA12877),NA12877,20,10003692,A,G,248.64
Father (NA12877),NA12877,20,10003832,G,A,243.64
Father (NA12877),NA12877,20,10004049,C,A,266.64
Father (NA12877),NA12877,20,10004094,A,C,241.64
Father (NA12877),NA12877,20,10004147,A,G,209.64
Father (NA12877),NA12877,20,10004194,C,A,368.64
Father (NA12877),NA12877,20,10004222,C,CA,173.02
Father (NA12877),NA12877,20,10004351,C,G,479.64
Father (NA12877),NA12877,20,10004389,T,G,558.64
Father (NA12877),NA12877,20,10004610,A,C,368.64
Father (NA12877),NA12877,20,10004725,A,G,429.64
Father (NA12877),NA12877,20,10004874,A,C,1196.06
Father (NA12877),NA12877,20,10005010,C,T,581.64
Father (NA12877),NA12877,20,10005427,C,T,389.64
Father (NA12877),NA12877,20,10005465,G,A,389.64
Father (NA12877),NA12877,20,10005499,A,G,340.64
Father (NA12877),NA12877,20,10005587,A,G,518.64
Father (NA12877),NA12877,20,10005723,A,G,610.64
Father (NA12877),NA12877,20,10006291,G,A,455.64
Father (NA12877),NA12877,20,10006404,A,C,474.64
Father (NA12877),NA12877,20,10006682,T,A,326.64
Father (NA12877),NA12877,20,10006819,AAAAC,A,558.60
Father (NA12877),NA12877,20,10007175,C,T,372.64
Father (NA12877),NA12877,20,10007352,C,T,505.64
Father (NA12877),NA12877,20,10007429,G,A,310.64
Father (NA12877),NA12877,20,10007531,A,G,406.64
Father (NA12877),NA12877,20,10007980,A,C,199.64
Father (NA12877),NA12877,20,10008029,T,TA,200.60
Father (NA12877),NA12877,20,10008146,TA,T,340.60
Father (NA12877),NA12877,20,10008221,T,C,450.64
Father (NA12877),NA12877,20,10008458,T,G,342.64
Father (NA12877),NA12877,20,10008643,A,C,190.64
Father (NA12877),NA12877,20,10008758,C,CA,153.60
Father (NA12877),NA12877,20,10008950,AAC,A,176.98
Father (NA12877),NA12877,20,10009246,A,G,954.06
Father (NA12877),NA12877,20,10009400,T,A,330.64
Father (NA12877),NA12877,20,10009512,C,G,423.64
Father (NA12877),NA12877,20,10009719,A,G,245.64
Father (NA12877),NA12877,20,10009795,A,G,242.64
Father (NA12877),NA12877,20,10009840,AAG,A,150.60
Father (NA12877),NA12877,20,10010536,G,GA,479.60
Father (NA12877),NA12877,20,10010766,T,G,326.64
Father (NA12877),NA12877,20,10010832,T,C,344.64
Father (NA12877),NA12877,20,10011075,C,T,503.64
Father (NA12877),NA12877,20,10011309,T,C,318.64
Father (NA12877),NA12877,20,10011517,GA,G,122.60
Father (NA12877),NA12877,20,10011666,C,T,743.64
Father (NA12877),NA12877,20,10011939,C,T,464.64
Father (NA12877),NA12877,20,10012021,CA,C,347.60
Father (NA12877),NA12877,20,10012362,G,T,320.64
Father (NA12877),NA12877,20,10012384,T,C,592.64
Father (NA12877),NA12877,20,10012387,T,C,619.64
Father (NA12877),NA12877,20,10012479,A,G,141.64
Father (NA12877),NA12877,20,10012498,C,G,150.64
Father (NA12877),NA12877,20,10012518,T,C,169.64
Father (NA12877),NA12877,20,10012521,C,T,169.64
Father (NA12877),NA12877,20,10012570,G,GCA,367.60
Father (NA12877),NA12877,20,10012572,GT,G,367.60
Father (NA12877),NA12877,20,10012714,G,C,372.64
Father (NA12877),NA12877,20,10012751,T,C,467.64
Father (NA12877),NA12877,20,10013574,G,A,372.64
Father (NA12877),NA12877,20,10014990,C,CAT,1011.03
Father (NA12877),NA12877,20,10015547,GGGCGGAGGCGGA,G,112.60
Father (NA12877),NA12877,20,10015761,T,C,435.64
Father (NA12877),NA12877,20,10016021,C,G,544.64
Father (NA12877),NA12877,20,10018158,G,C,330.64
Father (NA12877),NA12877,20,10019093,A,G,345.64
Father (NA12877),NA12877,20,10019632,G,A,693.64
Father (NA12877),NA12877,20,10020718,A,G,436.64
Father (NA12877),NA12877,20,10023689,G,A,454.64
Father (NA12877),NA12877,20,10026108,A,G,475.64
Father (NA12877),NA12877,20,10026791,C,T,396.64
Father (NA12877),NA12877,20,10027234,A,ATTAG,735.60
Father (NA12877),NA12877,20,10028146,T,C,414.64
Father (NA12877),NA12877,20,10028913,TTC,T,303.60
Father (NA12877),NA12877,20,10029104,G,A,376.64
Father (NA12877),NA12877,20,10030931,C,A,336.64
Father (NA12877),NA12877,20,10031138,A,G,390.64
Father (NA12877),NA12877,20,10031342,G,A,436.64
Father (NA12877),NA12877,20,10031798,G,A,1290.06
Father (NA12877),NA12877,20,10032641,G,C,528.64
Father (NA12877),NA12877,20,10032882,A,T,575.64
Father (NA12877),NA12877,20,10032972,C,CAT,637.60
Father (NA12877),NA12877,20,10034425,C,T,204.64
Father (NA12877),NA12877,20,10037037,C,T,489.64
Father (NA12877),NA12877,20,10037110,T,TGATA,1111.03
Father (NA12877),NA12877,20,10037144,T,TGATA,551.02
Father (NA12877),NA12877,20,10039451,A,G,281.64
Father (NA12877),NA12877,20,10040772,C,CT,362.60
Father (NA12877),NA12877,20,10040812,AT,A,294.60
Father (NA12877),NA12877,20,10041304,C,T,1227.06
Father (NA12877),NA12877,20,10041701,A,ATATG,921.03
Father (NA12877),NA12877,20,10041756,T,TA,592.60
Father (NA12877),NA12877,20,10041757,T,TA,592.60
Father (NA12877),NA12877,20,10042319,C,T,954.06
Father (NA12877),NA12877,20,10042761,A,G,451.64
Father (NA12877),NA12877,20,10042829,A,G,1298.06
Father (NA12877),NA12877,20,10043012,C,G,431.64
Father (NA12877),NA12877,20,10044282,T,C,73.64
Father (NA12877),NA12877,20,10044849,A,G,255.64
Father (NA12877),NA12877,20,10045078,G,T,935.06
Father (NA12877),NA12877,20,10045642,G,C,324.64
Father (NA12877),NA12877,20,10046178,AAGAAAGAAAG,A,745.03
Father (NA12877),NA12877,20,10046828,T,C,776.06
Father (NA12877),NA12877,20,10047435,G,A,362.64
Father (NA12877),NA12877,20,10048393,C,G,609.64
Father (NA12877),NA12877,20,10050667,C,T,622.64
Father (NA12877),NA12877,20,10050828,T,C,598.64
Father (NA12877),NA12877,20,10051448,T,C,233.64
Father (NA12877),NA12877,20,10051695,G,A,147.64
Father (NA12877),NA12877,20,10053395,G,C,335.64
Father (NA12877),NA12877,20,10053891,C,G,338.64
Father (NA12877),NA12877,20,10054970,A,G,542.64
Father (NA12877),NA12877,20,10055467,A,C,256.64
Father (NA12877),NA12877,20,10058022,T,C,219.64
Father (NA12877),NA12877,20,10058248,G,A,390.64
Father (NA12877),NA12877,20,10061632,C,T,403.64
Father (NA12877),NA12877,20,10062922,T,C,548.06
Father (NA12877),NA12877,20,10064306,T,A,359.64
Father (NA12877),NA12877,20,10064529,A,G,394.64
Father (NA12877),NA12877,20,10066203,C,A,531.64
Father (NA12877),NA12877,20,10067090,C,A,272.64
Father (NA12877),NA12877,20,10067264,G,A,574.64
Father (NA12877),NA12877,20,10067294,C,T,481.64
Father (NA12877),NA12877,20,10067722,A,C,315.64
Father (NA12877),NA12877,20,10068160,GTATATATATATGTATATA,G,522.60
Father (NA12877),NA12877,20,10068172,GTATA,"*,G",125.01
Father (NA12877),NA12877,20,10068488,T,C,286.64
Father (NA12877),NA12877,20,10068981,G,A,304.64
Father (NA12877),NA12877,20,10070032,T,C,253.64
Father (NA12877),NA12877,20,10070110,T,C,271.64
Father (NA12877),NA12877,20,10070310,C,T,364.64
Father (NA12877),NA12877,20,10071135,C,T,339.64
Father (NA12877),NA12877,20,10073248,G,A,323.64
Father (NA12877),NA12877,20,10073793,G,T,490.64
Father (NA12877),NA12877,20,10073900,G,A,258.64
Father (NA12877),NA12877,20,10074010,G,C,343.64
Father (NA12877),NA12877,20,10074240,T,C,413.64
Father (NA12877),NA12877,20,10074716,G,A,211.64
Father (NA12877),NA12877,20,10074806,G,A,419.64
Father (NA12877),NA12877,20,10075043,T,C,141.64
Father (NA12877),NA12877,20,10075168,C,T,324.64
Father (NA12877),NA12877,20,10075479,A,G,76.64
Father (NA12877),NA12877,20,10075508,GA,G,236.60
Father (NA12877),NA12877,20,10076250,A,G,819.06
Father (NA12877),NA12877,20,10076339,A,G,1261.06
Father (NA12877),NA12877,20,10076399,G,A,1100.06
Father (NA12877),NA12877,20,10076796,A,G,310.64
Father (NA12877),NA12877,20,10076860,A,C,195.64
Father (NA12877),NA12877,20,10076989,C,CAA,146.63
Father (NA12877),NA12877,20,10077275,A,G,289.64
Father (NA12877),NA12877,20,10077752,T,C,295.64
Father (NA12877),NA12877,20,10077821,C,T,88.64
Father (NA12877),NA12877,20,10078897,T,TA,172.60
Father (NA12877),NA12877,20,10079065,T,C,282.64
Father (NA12877),NA12877,20,10079396,A,G,155.64
Father (NA12877),NA12877,20,10079761,T,TAA,703.60
Father (NA12877),NA12877,20,10079821,C,G,359.64
Father (NA12877),NA12877,20,10080796,A,C,307.64
Father (NA12877),NA12877,20,10081128,T,G,391.64
Father (NA12877),NA12877,20,10081394,C,CA,164.60
Father (NA12877),NA12877,20,10081402,G,GA,213.60
Father (NA12877),NA12877,20,10081750,C,A,425.64
Father (NA12877),NA12877,20,10081800,C,T,438.64
Father (NA12877),NA12877,20,10082063,C,T,721.64
Father (NA12877),NA12877,20,10082065,T,A,721.64
Father (NA12877),NA12877,20,10082892,C,T,1256.06
Father (NA12877),NA12877,20,10083191,A,T,274.64
Father (NA12877),NA12877,20,10084121,C,T,508.64
Father (NA12877),NA12877,20,10085054,A,G,405.64
Father (NA12877),NA12877,20,10085211,A,T,230.64
Father (NA12877),NA12877,20,10085320,C,T,156.64
Father (NA12877),NA12877,20,10086110,G,A,1124.06
Father (NA12877),NA12877,20,10086283,G,T,1557.06
Father (NA12877),NA12877,20,10086853,G,A,1069.06
Father (NA12877),NA12877,20,10086954,G,A,1016.06
Father (NA12877),NA12877,20,10087230,A,G,1010.06
Father (NA12877),NA12877,20,10087573,C,T,244.64
Father (NA12877),NA12877,20,10087754,T,G,414.64
Father (NA12877),NA12877,20,10087804,C,T,903.06
Father (NA12877),NA12877,20,10087820,C,"CAG,CAGAG",1019.02
Father (NA12877),NA12877,20,10088063,C,T,1398.06
Father (NA12877),NA12877,20,10088699,C,T,897.06
Father (NA12877),NA12877,20,10088730,G,A,1316.06
Father (NA12877),NA12877,20,10088736,A,C,1316.06
Father (NA12877),NA12877,20,10088747,A,G,1211.06
Father (NA12877),NA12877,20,10088799,G,A,605.06
Father (NA12877),NA12877,20,10088895,C,T,436.06
Father (NA12877),NA12877,20,10089149,A,G,209.64
Father (NA12877),NA12877,20,10089441,A,G,342.64
Father (NA12877),NA12877,20,10089525,C,T,1278.06
Father (NA12877),NA12877,20,10090289,CAA,C,269
Father (NA12877),NA12877,20,10090764,A,G,792.06
Father (NA12877),NA12877,20,10090886,G,A,354.64
Father (NA12877),NA12877,20,10090970,T,C,365.64
Father (NA12877),NA12877,20,10091214,C,T,504.64
Father (NA12877),NA12877,20,10091220,A,G,365.64
Father (NA12877),NA12877,20,10092415,A,G,544.64
Father (NA12877),NA12877,20,10092642,T,C,272.64
Father (NA12877),NA12877,20,10093568,GT,G,156.44
Father (NA12877),NA12877,20,10093923,T,A,357.64
Father (NA12877),NA12877,20,10094251,T,A,522.64
Father (NA12877),NA12877,20,10094774,C,T,585.64
Father (NA12877),NA12877,20,10095432,GTGATGATGA,"G,GTGA",976.02
Father (NA12877),NA12877,20,10095741,A,G,421.64
Father (NA12877),NA12877,20,10096047,A,C,426.64
Father (NA12877),NA12877,20,10096293,C,T,306.64
Father (NA12877),NA12877,20,10096357,A,G,399.64
Father (NA12877),NA12877,20,10096596,C,T,492.64
Father (NA12877),NA12877,20,10096733,C,T,320.64
Father (NA12877),NA12877,20,10096768,A,C,859.06
Father (NA12877),NA12877,20,10096899,G,T,1279.06
Father (NA12877),NA12877,20,10096905,TA,T,1279.03
Father (NA12877),NA12877,20,10096933,G,C,1194.06
Father (NA12877),NA12877,20,10096958,G,A,1221.06
Father (NA12877),NA12877,20,10097075,T,G,505.06
Father (NA12877),NA12877,20,10097101,C,"CTTTT,CTTTTTTTTTTT",292.02
Father (NA12877),NA12877,20,10097437,TTTTCTTTCTTTCTTTCTTTCTTTCTTTCTTTC,T,821.03
Father (NA12877),NA12877,20,10097626,C,A,212.64
Father (NA12877),NA12877,20,10097751,T,C,250.64
Father (NA12877),NA12877,20,10097789,T,C,766.06
Father (NA12877),NA12877,20,10097928,G,A,982.06
Father (NA12877),NA12877,20,10098110,G,C,835.06
Father (NA12877),NA12877,20,10098135,C,A,872.06
Father (NA12877),NA12877,20,10098219,TATATATA,T,886.03
Father (NA12877),NA12877,20,10098237,A,T,886.06
Father (NA12877),NA12877,20,10098265,T,C,116.64
Father (NA12877),NA12877,20,10098308,AAT,A,269.97
Father (NA12877),NA12877,20,10098344,A,G,78.32
Father (NA12877),NA12877,20,10098885,C,CA,477.02
Father (NA12877),NA12877,20,10098945,T,C,373.06
Father (NA12877),NA12877,20,10099029,T,C,661.06
Father (NA12877),NA12877,20,10099034,C,A,661.06
Father (NA12877),NA12877,20,10099044,A,C,661.06
Father (NA12877),NA12877,20,10099046,T,C,661.06
Father (NA12877),NA12877,20,10099055,T,C,571.06
Father (NA12877),NA12877,20,10099079,C,T,546.06
Father (NA12877),NA12877,20,10099111,T,TTTTGTTTG,503.02
Father (NA12877),NA12877,20,10099140,G,T,449.06
Father (NA12877),NA12877,20,10099190,G,T,714.06
Father (NA12877),NA12877,20,10099220,A,G,917.06
Father (NA12877),NA12877,20,10099250,G,A,442.64
Father (NA12877),NA12877,20,10099535,G,A,1123.06
Father (NA12877),NA12877,20,10099565,C,T,1023.06
Father (NA12877),NA12877,20,10099755,C,T,775.06
Father (NA12877),NA12877,20,10099832,A,G,920.06
Father (NA12877),NA12877,20,10100468,T,C,967.06
Father (NA12877),NA12877,20,10100539,CTTCTAG,C,1516.03
Father (NA12877),NA12877,20,10100845,G,C,770.06
Father (NA12877),NA12877,20,10101268,TAA,T,1145.03
Father (NA12877),NA12877,20,10101288,A,G,949.06
Father (NA12877),NA12877,20,10101674,TTGTGTGTGTGTG,"T,TTGTGTGTGTGTGTGTG",982.02
Father (NA12877),NA12877,20,10101880,A,G,992.06
Father (NA12877),NA12877,20,10101912,C,T,1051.06
Father (NA12877),NA12877,20,10102234,C,T,1086.06
Father (NA12877),NA12877,20,10102247,G,A,1066.06
Father (NA12877),NA12877,20,10102248,T,C,1066.06
Father (NA12877),NA12877,20,10102363,A,T,1183.06
Father (NA12877),NA12877,20,10102530,C,T,1149.06
Father (NA12877),NA12877,20,10102531,A,G,1149.06
Father (NA12877),NA12877,20,10102727,G,T,1302.06
Father (NA12877),NA12877,20,10102766,C,T,525.64
Father (NA12877),NA12877,20,10102904,C,A,1081.06
Father (NA12877),NA12877,20,10103110,G,C,580.64
Father (NA12877),NA12877,20,10103301,C,T,360.64
Father (NA12877),NA12877,20,10103320,G,C,805.06
Father (NA12877),NA12877,20,10103333,G,A,331.64
Father (NA12877),NA12877,20,10103552,T,G,920.06
Father (NA12877),NA12877,20,10103680,G,T,902.06
Father (NA12877),NA12877,20,10103751,G,T,760.06
Father (NA12877),NA12877,20,10103828,T,A,681.06
Father (NA12877),NA12877,20,10103849,T,C,891.06
Father (NA12877),NA12877,20,10103850,G,A,315.64
Father (NA12877),NA12877,20,10104018,C,T,451.64
Father (NA12877),NA12877,20,10104593,G,C,531.64
Father (NA12877),NA12877,20,10104648,AG,A,575.60
Father (NA12877),NA12877,20,10104694,T,G,374.64
Father (NA12877),NA12877,20,10105066,GA,G,525.60
Father (NA12877),NA12877,20,10105077,G,A,525.64
Father (NA12877),NA12877,20,10105095,A,T,342.64
Father (NA12877),NA12877,20,10105234,A,T,387.64
Father (NA12877),NA12877,20,10105358,A,G,614.06
Father (NA12877),NA12877,20,10106404,T,C,434.64
Father (NA12877),NA12877,20,10106429,C,A,272.64
Father (NA12877),NA12877,20,10106802,G,A,386.64
Father (NA12877),NA12877,20,10106858,C,G,420.64
Father (NA12877),NA12877,20,10106889,C,T,276.64
Father (NA12877),NA12877,20,10107052,C,T,526.64
Father (NA12877),NA12877,20,10107331,G,GTT,459.03
Father (NA12877),NA12877,20,10107686,C,T,253.64
Father (NA12877),NA12877,20,10108073,C,G,726.64
Father (NA12877),NA12877,20,10108537,C,T,585.64
Father (NA12877),NA12877,20,10108866,C,T,343.64
Father (NA12877),NA12877,20,10108941,T,C,804.06
Father (NA12877),NA12877,20,10109709,C,G,1093.06
Father (NA12877),NA12877,20,10109724,A,T,452.64
Father (NA12877),NA12877,20,10110237,G,A,420.64
Father (NA12877),NA12877,20,10110726,GT,G,932.03
Father (NA12877),NA12877,20,10111257,T,G,454.64
Father (NA12877),NA12877,20,10111346,A,G,211.64
Father (NA12877),NA12877,20,10111701,C,A,1096.06
Father (NA12877),NA12877,20,10111705,T,A,1096.06
Father (NA12877),NA12877,20,10111919,A,G,1211.06
Father (NA12877),NA12877,20,10112050,C,A,454.64
Father (NA12877),NA12877,20,10112391,G,T,578.64
Father (NA12877),NA12877,20,10112869,T,C,775.06
Father (NA12877),NA12877,20,10113421,G,A,317.64
Father (NA12877),NA12877,20,10113638,G,C,529.64
Father (NA12877),NA12877,20,10113725,C,T,447.64
Father (NA12877),NA12877,20,10113825,C,T,286.64
Father (NA12877),NA12877,20,10114045,T,A,379.64
Father (NA12877),NA12877,20,10114705,CA,C,111.60
Father (NA12877),NA12877,20,10115325,C,T,1049.06
Father (NA12877),NA12877,20,10115599,C,A,1229.06
Father (NA12877),NA12877,20,10116386,A,G,177.64
Father (NA12877),NA12877,20,10117045,C,T,328.64
Father (NA12877),NA12877,20,10119749,G,A,526.64
Father (NA12877),NA12877,20,10120207,C,CAGGCCACAA,609.60
Father (NA12877),NA12877,20,10120854,G,T,341.64
Father (NA12877),NA12877,20,10121161,T,TA,209.60
Father (NA12877),NA12877,20,10121178,C,T,699.06
Father (NA12877),NA12877,20,10121202,C,A,248.64
Father (NA12877),NA12877,20,10121272,G,A,340.64
Father (NA12877),NA12877,20,10121684,C,T,439.64
Father (NA12877),NA12877,20,10122212,C,A,353.64
Father (NA12877),NA12877,20,10122275,A,G,927.06
Father (NA12877),NA12877,20,10122380,C,A,344.64
Father (NA12877),NA12877,20,10122642,A,G,478.64
Father (NA12877),NA12877,20,10122669,G,T,1717.06
Father (NA12877),NA12877,20,10122672,A,G,1717.06
Father (NA12877),NA12877,20,10122773,T,C,272.64
Father (NA12877),NA12877,20,10122909,G,C,375.64
Father (NA12877),NA12877,20,10124075,G,C,402.64
Father (NA12877),NA12877,20,10124267,C,T,435.64
Father (NA12877),NA12877,20,10126303,GAAA,G,81.60
Father (NA12877),NA12877,20,10126398,T,A,354.64
Father (NA12877),NA12877,20,10127657,T,C,590.64
Father (NA12877),NA12877,20,10128290,A,G,233.64
Father (NA12877),NA12877,20,10128634,T,G,395.64
Father (NA12877),NA12877,20,10128652,T,C,1410.06
Father (NA12877),NA12877,20,10129396,A,G,636.64
Father (NA12877),NA12877,20,10129600,A,G,1085.06
Father (NA12877),NA12877,20,10130017,G,A,540.06
Father (NA12877),NA12877,20,10130249,AAC,A,76.60
Father (NA12877),NA12877,20,10130276,ACACG,A,56.60
Father (NA12877),NA12877,20,10130306,A,ATG,262.60
Father (NA12877),NA12877,20,10130345,G,GTA,296.60
Father (NA12877),NA12877,20,10130722,G,A,452.64
Father (NA12877),NA12877,20,10131196,T,C,833.06
Father (NA12877),NA12877,20,10131980,T,C,1092.06
Father (NA12877),NA12877,20,10131998,G,A,520.64
Father (NA12877),NA12877,20,10132023,T,C,435.64
Father (NA12877),NA12877,20,10132091,A,G,306.64
Father (NA12877),NA12877,20,10132301,GACACACACAC,G,405.60
Father (NA12877),NA12877,20,10132340,A,G,447.64
Father (NA12877),NA12877,20,10132722,CAG,C,262.86
Father (NA12877),NA12877,20,10133139,T,C,424.64
Father (NA12877),NA12877,20,10134479,A,AAAGAAAGC,797.03
Father (NA12877),NA12877,20,10136402,C,T,1086.06
Father (NA12877),NA12877,20,10137927,C,T,1158.06
Father (NA12877),NA12877,20,10139504,A,T,965.06
Father (NA12877),NA12877,20,10140125,TGG,T,1168.03
Father (NA12877),NA12877,20,10141259,G,A,776.06
Father (NA12877),NA12877,20,10141440,T,C,933.06
Father (NA12877),NA12877,20,10141692,A,G,1185.06
Father (NA12877),NA12877,20,10141700,C,T,1158.06
Father (NA12877),NA12877,20,10142034,A,AC,597.03
Father (NA12877),NA12877,20,10142042,A,C,658.06
Father (NA12877),NA12877,20,10142049,A,ACAAACAAAC,800.03
Father (NA12877),NA12877,20,10142654,T,A,1194.06
Father (NA12877),NA12877,20,10144244,C,CAAAAAAAAAAAAAAAAAAAAAG,91.70
Father (NA12877),NA12877,20,10146479,A,C,1321.06
Father (NA12877),NA12877,20,10146481,C,T,1321.06
Father (NA12877),NA12877,20,10148540,A,G,925.06
Father (NA12877),NA12877,20,10148803,A,G,938.06
Father (NA12877),NA12877,20,10149176,A,C,906.06
Father (NA12877),NA12877,20,10149664,G,A,1152.06
Father (NA12877),NA12877,20,10150067,A,G,655.06
Father (NA12877),NA12877,20,10150634,T,C,809.06
Father (NA12877),NA12877,20,10152059,C,A,857.06
Father (NA12877),NA12877,20,10152526,A,G,907.06
Father (NA12877),NA12877,20,10154295,G,A,884.06
Father (NA12877),NA12877,20,10154735,C,G,1314.06
Father (NA12877),NA12877,20,10155038,A,AT,926.03
Father (NA12877),NA12877,20,10155043,C,CT,793.03
Father (NA12877),NA12877,20,10155596,A,T,409.64
Father (NA12877),NA12877,20,10157869,GA,G,318.02
Father (NA12877),NA12877,20,10164318,C,G,485.64
Father (NA12877),NA12877,20,10170614,G,A,357.64
Father (NA12877),NA12877,20,10171007,C,T,282.64
Father (NA12877),NA12877,20,10171309,T,A,148.64
Father (NA12877),NA12877,20,10171737,G,A,547.64
Father (NA12877),NA12877,20,10171808,AG,A,809.60
Father (NA12877),NA12877,20,10172605,T,C,272.64
Father (NA12877),NA12877,20,10172676,C,T,242.64
Father (NA12877),NA12877,20,10172796,G,A,253.64
Father (NA12877),NA12877,20,10173177,G,A,436.64
Father (NA12877),NA12877,20,10174920,C,T,543.64
Father (NA12877),NA12877,20,10175125,T,C,396.64
Father (NA12877),NA12877,20,10175465,C,G,340.64
Father (NA12877),NA12877,20,10175474,A,C,337.64
Father (NA12877),NA12877,20,10175495,A,G,319.64
Father (NA12877),NA12877,20,10177651,A,G,404.64
Father (NA12877),NA12877,20,10178022,G,T,441.64
Father (NA12877),NA12877,20,10178187,C,A,184.64
Father (NA12877),NA12877,20,10179531,G,A,294.64
Father (NA12877),NA12877,20,10180270,G,A,427.64
Father (NA12877),NA12877,20,10181438,G,A,343.64
Father (NA12877),NA12877,20,10181582,C,T,376.64
Father (NA12877),NA12877,20,10182254,T,A,188.64
Father (NA12877),NA12877,20,10183018,T,A,457.64
Father (NA12877),NA12877,20,10183517,A,G,445.64
Father (NA12877),NA12877,20,10183783,C,G,451.64
Father (NA12877),NA12877,20,10184381,TCA,T,505.60
Father (NA12877),NA12877,20,10185892,A,T,333.64
Father (NA12877),NA12877,20,10186146,T,C,258.64
Father (NA12877),NA12877,20,10186371,CT,C,230.60
Father (NA12877),NA12877,20,10187086,T,C,332.64
Father (NA12877),NA12877,20,10187114,CAACCTCATTCTTTTGCAAATG,C,527.60
Father (NA12877),NA12877,20,10187643,CA,C,512.60
Father (NA12877),NA12877,20,10187868,T,C,340.64
Father (NA12877),NA12877,20,10187978,C,T,344.64
Father (NA12877),NA12877,20,10188245,G,A,236.64
Father (NA12877),NA12877,20,10188428,C,T,1013.06
Father (NA12877),NA12877,20,10188440,A,G,282.64
Father (NA12877),NA12877,20,10188612,A,C,627.64
Father (NA12877),NA12877,20,10189496,CT,C,116.60
Father (NA12877),NA12877,20,10190093,A,C,360.64
Father (NA12877),NA12877,20,10191904,C,CT,438.60
Father (NA12877),NA12877,20,10192198,T,G,389.64
Father (NA12877),NA12877,20,10193271,A,G,473.64
Father (NA12877),NA12877,20,10193294,A,G,410.64
Father (NA12877),NA12877,20,10197086,T,C,288.64
Father (NA12877),NA12877,20,10197283,C,CT,81.60
Father (NA12877),NA12877,20,10197461,A,T,171.64
Father (NA12877),NA12877,20,10197959,A,ATGTGTG,67.60
Father (NA12877),NA12877,20,10198954,A,C,212.64
