Chromosome,Position,Original_DNA,Mutated_DNA
22,41244435,T,C
22,43050156,C,T
22,16050074,A,G
22,16050114,G,A
22,16050212,C,T
22,16050318,C,T
22,16050526,C,A
22,16050567,C,A
22,16050606,G,A
22,16050626,G,T
22,16050645,G,T
22,16050653,A,<CN0>
22,16050653,A,<CN2>
22,16050653,A,<CN3>
22,16050653,A,<CN4>
22,16050654,G,A
22,16050677,C,T
22,16050678,G,A
22,16050687,C,T
22,16050731,C,T
22,16050738,TA,T
22,16050757,T,C
22,16050782,A,G
22,16050839,C,G
22,16050846,T,C
22,16050855,G,T
22,16050873,G,T
22,16050921,T,G
22,16050953,G,A
22,16050957,A,T
22,16050971,G,A
22,16050983,C,G
22,16050993,G,C
22,16050995,T,C
22,16051074,G,A
22,16051163,G,A
22,16051164,C,T
22,16051245,G,A
22,16051248,T,C
22,16051249,G,A
22,16051268,G,T
22,16051431,A,G
22,16051452,A,C
22,16051452,A,G
22,16051476,C,A
22,16051492,G,A
22,16051563,T,C
22,16051643,C,T
22,16051656,C,G
22,16051721,TA,T
22,16051770,A,T
22,16051776,G,T
22,16051795,A,G
22,16051815,T,G
22,16051873,A,T
22,16051924,G,A
22,16051925,G,A
22,16051926,A,T
22,16051929,C,A
22,16051951,G,A
22,16052031,G,A
22,16052078,C,T
22,16052079,G,A
22,16052096,G,A
22,16052110,C,T
22,16052111,C,G
22,16052125,T,C
22,16052158,T,C
22,16052166,A,AAAAC
22,16052239,C,G
22,16052270,G,A
22,16052378,C,T
22,16052383,G,C
22,16052393,GAAAGCCAGAACCACTC,G
22,16052427,G,A
22,16052462,T,C
22,16052491,A,C
22,16052575,A,G
22,16052638,C,T
22,16052683,A,C
22,16052729,G,A
22,16052741,G,A
22,16052836,C,T
22,16052852,G,A
22,16052871,G,C
22,16052956,C,T
22,16052961,C,T
22,16052972,C,T
22,16052985,C,A
22,16053030,G,A
22,16053049,G,A
22,16053106,C,T
22,16053114,G,A
22,16053115,C,T
22,16053126,C,T
22,16053137,C,A
22,16053138,G,A
22,16053201,C,A
22,16053210,G,A
22,16053237,G,A
22,16053240,C,T
22,16053245,G,T